{
  "prev_centroid": {
    "here": 0.006373739292258312,
    "is": 0.008379424823854955,
    "a": 0.015214418728659392,
    "7": 0.012747478584516624,
    "level": 0.054400250708624365,
    "justice": 0.052300436762611396,
    "as": 0.00544078656650464,
    "gradient": 0.00544078656650464,
    "taxonomy": 0.006845437405465859,
    "1": 0.01014732419791869,
    "absence": 0.0020161290322580645,
    "lack": 0.0024878271454656115,
    "of": 0.024127293920535066,
    "no": 0.00544078656650464,
    "rules": 0.006048387096774193,
    "or": 0.009179163307153461,
    "enforcement": 0.006048387096774193,
    "minimal": 0.00544078656650464,
    "effort": 0.0020161290322580645,
    "to": 0.016594445272903022,
    "resolve": 0.0020161290322580645,
    "conflicts": 0.0020161290322580645,
    "2": 0.009675626084711142,
    "basic": 0.008865444100751215,
    "simple": 0.0020161290322580645,
    "vague": 0.0020161290322580645,
    "some": 0.01180408235810153,
    "limited": 0.00544078656650464,
    "conflict": 0.0024878271454656115,
    "resolution": 0.004975654290931223,
    "mechanisms": 0.006369861629231021,
    "3": 0.006373739292258312,
    "informal": 0.004032258064516129,
    "unwritten": 0.0020161290322580645,
    "customs": 0.0020161290322580645,
    "and": 0.02391814662921056,
    "norms": 0.0020161290322580645,
    "varied": 0.0020161290322580645,
    "application": 0.0020161290322580645,
    "mediation": 0.0024878271454656115,
    "processes": 0.005436908903477348,
    "4": 0.006373739292258312,
    "formal": 0.004032258064516129,
    "written": 0.0020161290322580645,
    "laws": 0.0034103363705578625,
    "procedures": 0.0020161290322580645,
    "regular": 0.0020161290322580645,
    "dispute": 0.0024878271454656115,
    "5": 0.006845437405465859,
    "procedurally": 0.004032258064516129,
    "fair": 0.013966557308083024,
    "clear": 0.0020161290322580645,
    "consistent": 0.0020161290322580645,
    "process": 0.0020161290322580645,
    "impartial": 0.0020161290322580645,
    "decision": 0.004343289096311535,
    "making": 0.004814987209519082,
    "6": 0.006373739292258312,
    "distributively": 0.004032258064516129,
    "equitable": 0.0024773836448041897,
    "outcomes": 0.0020161290322580645,
    "achieved": 0.0020161290322580645,
    "through": 0.0029595252586731586,
    "distribution": 0.0020161290322580645,
    "benefits": 0.0020161290322580645,
    "burdens": 0.0020161290322580645,
    "substantive": 0.00544078656650464,
    "just": 0.0024773836448041897,
    "results": 0.0020161290322580645,
    "aligns": 0.0020161290322580645,
    "with": 0.007110816771588288,
    "moral": 0.0020161290322580645,
    "ethical": 0.0020161290322580645,
    "social": 0.0020161290322580645,
    "values": 0.0020161290322580645,
    "note": 0.002949081758011737,
    "each": 0.0024773836448041897,
    "builds": 0.0020161290322580645,
    "upon": 0.0020161290322580645,
    "the": 0.009018496225741319,
    "previous": 0.0020161290322580645,
    "one": 0.0024878271454656115,
    "representing": 0.0020161290322580645,
    "gradual": 0.0020161290322580645,
    "progression": 0.0020161290322580645,
    "towards": 0.0020161290322580645,
    "greater": 0.0020161290322580645,
    "s": 0.007526282809997911,
    "proposal": 0.00046125461254612545,
    "for": 0.00809986466367636,
    "bridging": 0.0009329527257536726,
    "symbolic": 0.004633433126784098,
    "recursion": 0.004633433126784098,
    "suggesting": 0.00046125461254612545,
    "two": 0.0009329527257536726,
    "measurable": 0.004161735013576551,
    "indicators": 0.005094687739330223,
    "per": 0.0014046508389612198,
    "along": 0.00046125461254612545,
    "data": 0.002327160064053471,
    "sources": 0.0018659054515073451,
    "recognition": 0.0009329527257536726,
    "human": 0.004172178514237973,
    "rights": 0.005094687739330223,
    "recognizing": 0.0032287822878228783,
    "that": 0.007390517301399429,
    "are": 0.004161735013576551,
    "inherent": 0.00046125461254612545,
    "inalienable": 0.00046125461254612545,
    "we": 0.0009329527257536726,
    "can": 0.0037109239016918467,
    "symbolically": 0.00046125461254612545,
    "recurse": 0.00046125461254612545,
    "by": 0.004182622014899394,
    "acknowledging": 0.00046125461254612545,
    "these": 0.001394207338299798,
    "apply": 0.00046125461254612545,
    "equally": 0.00046125461254612545,
    "all": 0.0009225092250922509,
    "individuals": 0.0013837638376383763,
    "regardless": 0.00046125461254612545,
    "their": 0.001394207338299798,
    "background": 0.00046125461254612545,
    "identity": 0.00046125461254612545,
    "proportion": 0.004654320128106942,
    "population": 0.001394207338299798,
    "aware": 0.00046125461254612545,
    "source": 0.013061338160551418,
    "united": 0.002788414676599596,
    "nations": 0.002788414676599596,
    "development": 0.001394207338299798,
    "programme": 0.001394207338299798,
    "index": 0.00046125461254612545,
    "2020": 0.006530669080275709,
    "number": 0.002316716563392049,
    "countries": 0.0027675276752767526,
    "constitutional": 0.00046125461254612545,
    "guarantees": 0.00046125461254612545,
    "international": 0.003270556290468565,
    "covenant": 0.00046125461254612545,
    "on": 0.008930933648959131,
    "civil": 0.0009329527257536726,
    "political": 0.00046125461254612545,
    "1966": 0.00046125461254612545,
    "protection": 0.0018659054515073451,
    "from": 0.003260112789807143,
    "violence": 0.0027779711759381744,
    "protecting": 0.0009225092250922509,
    "means": 0.0032392257884842996,
    "people": 0.0014046508389612198,
    "have": 0.00046125461254612545,
    "right": 0.0009225092250922509,
    "live": 0.00046125461254612545,
    "free": 0.00046125461254612545,
    "fear": 0.00046125461254612545,
    "harm": 0.00046125461254612545,
    "this": 0.0027779711759381744,
    "be": 0.0032287822878228783,
    "recursively": 0.0027675276752767526,
    "applied": 0.0057309305969772024,
    "ensuring": 0.0027675276752767526,
    "those": 0.00046125461254612545,
    "who": 0.00046125461254612545,
    "perpetrate": 0.00046125461254612545,
    "held": 0.00046125461254612545,
    "accountable": 0.0013837638376383763,
    "rate": 0.0018554619508459234,
    "reported": 0.0009329527257536726,
    "crime": 0.001394207338299798,
    "office": 0.0009329527257536726,
    "drugs": 0.0009329527257536726,
    "criminalizing": 0.00046125461254612545,
    "domestic": 0.00046125461254612545,
    "world": 0.0032496692891457214,
    "health": 0.0018450184501845018,
    "organization": 0.0023062730627306273,
    "2013": 0.00046125461254612545,
    "discrimination": 0.003270556290468565,
    "violation": 0.00046125461254612545,
    "applying": 0.00046125461254612545,
    "principle": 0.00046125461254612545,
    "everyone": 0.0018450184501845018,
    "deserves": 0.0018450184501845018,
    "equal": 0.00046125461254612545,
    "treatment": 0.007782267794246823,
    "opportunities": 0.00046125461254612545,
    "percentage": 0.002348047065376314,
    "lgbtq": 0.00046125461254612545,
    "reporting": 0.0014046508389612198,
    "harassment": 0.0009329527257536726,
    "campaign": 0.00046125461254612545,
    "anti": 0.0009329527257536726,
    "minorities": 0.00046125461254612545,
    "labour": 0.00046125461254612545,
    "2019": 0.005608159855183458,
    "access": 0.005587272853860614,
    "education": 0.0023062730627306273,
    "providing": 0.0009225092250922509,
    "knowledge": 0.00046125461254612545,
    "skills": 0.00046125461254612545,
    "essential": 0.00046125461254612545,
    "individual": 0.00046125461254612545,
    "collective": 0.00046125461254612545,
    "well": 0.00046125461254612545,
    "being": 0.0009329527257536726,
    "inclusive": 0.001394207338299798,
    "accessible": 0.00046125461254612545,
    "high": 0.00046125461254612545,
    "quality": 0.00046125461254612545,
    "net": 0.00046125461254612545,
    "enrollment": 0.00046125461254612545,
    "in": 0.005618603355844879,